{"angles": ["0.00", "0.01", "0.02", "0.03", "0.04", "0.05", "0.06", "0.07", "0.08", "0.09", "0.1", "0.11", "0.12", "0.13", "0.14", "0.15"], "J1xy": [-7.5370102641364875e-06, -7.5458533465318605e-06, -7.572445894320688e-06, -7.617064718446974e-06, -7.680016256931178e-06, -7.761678688886943e-06, -7.862886926316275e-06, -7.98450418726752e-06, -8.127824056298342e-06, -8.294242016169884e-06, -8.48565867281436e-06, -8.704168532829795e-06, -8.952297467282674e-06, -9.23268453651311e-06, -9.548443561195937e-06, -9.902919090369591e-06], "J1xy error": [3.1689539511099664e-08, 3.1792554851238415e-08, 3.2079852225421036e-08, 3.256673423240194e-08, 3.329316583442303e-08, 3.4228796471542206e-08, 3.539250635736734e-08, 3.686004192887804e-08, 3.86249093873777e-08, 4.0669677075200226e-08, 4.3159652851417116e-08, 4.603430765577504e-08, 4.9412394108557436e-08, 5.341402180413772e-08, 5.8071017183967986e-08, 6.354107177272028e-08], "J1z": [-7.684256749887992e-06, -7.609284685474601e-06, -7.3826590185775865e-06, -7.0023084702829525e-06, -6.463740537511664e-06, -5.760729609720564e-06, -4.885551588464428e-06, -3.8294686143614385e-06, -2.580969380722688e-06, -1.1271756840789607e-06, 5.449453386842023e-07, 2.45203233737169e-06, 4.612521610876312e-06, 7.044123533199423e-06, 9.77013273889469e-06, 1.2811923296550353e-05], "J1z error": [1.1435848616589517e-07, 1.1473023907022521e-07, 1.1576701313819337e-07, 1.1752403107277861e-07, 1.2014551499434524e-07, 1.2352193841109775e-07, 1.2772143461496767e-07, 1.330173508365897e-07, 1.3938625281343222e-07, 1.4676523467772907e-07, 1.557508452214915e-07, 1.6612465237513424e-07, 1.783152003868023e-07, 1.927559304360917e-07, 2.0956169504912496e-07, 2.2930155784503e-07], "J2xy": [-6.2659028955091215e-06, -6.266333476149142e-06, -6.267594110428247e-06, -6.269314321701644e-06, -6.271421518663452e-06, -6.273568389333921e-06, -6.275597829822776e-06, -6.276682718615125e-06, -6.276576109273752e-06, -6.275064855810039e-06, -6.270878446307656e-06, -6.263948869057278e-06, -6.253776457602538e-06, -6.239251200911945e-06, -6.220358253144667e-06, -6.19565422357916e-06], "J2xy error": [2.9922113035469585e-08, 3.0019382882225785e-08, 3.029065676747977e-08, 3.075038381535045e-08, 3.1436300014940504e-08, 3.231974755363138e-08, 3.3418553635428714e-08, 3.480424007744643e-08, 3.647067526080881e-08, 3.840139974687687e-08, 4.075250164930264e-08, 4.3466827806166654e-08, 4.665650762616968e-08, 5.0434951809338686e-08, 5.4832211735193174e-08, 5.999718397019537e-08], "J2z": [-6.438476332449572e-06, -6.445682747320016e-06, -6.467209279414717e-06, -6.5032469634393755e-06, -6.554004903358557e-06, -6.619867691587246e-06, -6.7011686137613664e-06, -6.7986286001718935e-06, -6.91282457714631e-06, -7.044706270285527e-06, -7.19521212813749e-06, -7.365504879977967e-06, -7.5568190591779235e-06, -7.770612322554862e-06, -8.008290632843772e-06, -8.271484298563095e-06], "J2z error": [1.6237923313673997e-08, 1.6290709034738806e-08, 1.6437922052099415e-08, 1.6687403515514008e-08, 1.705963172798507e-08, 1.753905486791879e-08, 1.8135347277872376e-08, 1.888732191801925e-08, 1.9791651324253712e-08, 2.0839403403374677e-08, 2.2115282962714878e-08, 2.3588274523545192e-08, 2.5319227690221168e-08, 2.736968738932621e-08, 2.9755961693606683e-08, 3.255885275179511e-08], "J3": [2.0197565397036223e-06, 2.024353937801701e-06, 2.0379856753943544e-06, 2.0607738409942263e-06, 2.092603179244246e-06, 2.133404553823426e-06, 2.183028889354912e-06, 2.241411076172835e-06, 2.3081762413434218e-06, 2.3829123791392194e-06, 2.4653865230654677e-06, 2.554760295762031e-06, 2.65008721449597e-06, 2.750748900069288e-06, 2.8549766142577054e-06, 2.961720673086909e-06], "J3 error": [2.6188701681242975e-08, 2.6273835073936822e-08, 2.651126185079603e-08, 2.6913628304569264e-08, 2.7513962068033834e-08, 2.8287180991923936e-08, 2.9248887962538426e-08, 3.0461680949809333e-08, 3.192019338295441e-08, 3.3610019483616833e-08, 3.566777209860908e-08, 3.80434291220099e-08, 4.083512946635789e-08, 4.4142133467543994e-08, 4.7990742965027654e-08, 5.2511276554819056e-08], "score": [0.9999728148439349, 0.9999726786658385, 0.9999723086747674, 0.999971685658346, 0.9999707519150496, 0.999969579415935, 0.9999681642541441, 0.999966411571244, 0.9999643874728186, 0.9999622003297889, 0.9999596368344069, 0.9999569240048019, 0.9999539732509262, 0.9999507116145798, 0.9999472454304392, 0.9999434639097899], "Paramagnetic Energy": [-401.51608354890993, -401.5167475607457, -401.5184031400918, -401.52072834593713, -401.5236946482645, -401.52651720233075, -401.5282687816021, -401.5285479185813, -401.52593445458837, -401.5191588104433, -401.50736907604164, -401.4889531614586, -401.46212900781603, -401.4254953749179, -401.37719513985377, -401.31506555162815]}