{"0.08": {"4_atom_2": {"free energy": -401.52327658}, "4_atom_1": {"free energy": -401.52744254}, "2_atom_111": {"free energy": -401.52414007}, "2_atom_110": {"free energy": -401.52843457}, "4_atom_5": {"free energy": -401.52765568}, "4_atom_4": {"free energy": -401.52327672}, "4_atom_6": {"free energy": -401.53192706}, "4_atom_3": {"free energy": -401.52433813}, "1_atom": {"free energy": -401.53079483}, "2_atom_100": {"free energy": -401.5274889}, "3_atom_101_110": {"free energy": -401.52892787}, "ferro": {"free energy": -401.53570456}, "3_atom_100_110": {"free energy": -401.52672089}, "3_atom_100_111": {"free energy": -401.52353128}}, "0.09": {"4_atom_2": {"free energy": -401.51645227}, "4_atom_1": {"free energy": -401.5209705}, "2_atom_111": {"free energy": -401.51730708}, "2_atom_110": {"free energy": -401.52165975}, "4_atom_5": {"free energy": -401.52093207}, "4_atom_4": {"free energy": -401.5164525}, "4_atom_6": {"free energy": -401.5255328}, "4_atom_3": {"free energy": -401.51752981}, "1_atom": {"free energy": -401.52392993}, "2_atom_100": {"free energy": -401.52074422}, "3_atom_101_110": {"free energy": -401.5223418}, "ferro": {"free energy": -401.52875404}, "3_atom_100_110": {"free energy": -401.52009885}, "3_atom_100_111": {"free energy": -401.51686782}}, "0.14": {"4_atom_2": {"free energy": -401.37413641}, "4_atom_1": {"free energy": -401.38121702}, "2_atom_111": {"free energy": -401.37498404}, "2_atom_110": {"free energy": -401.37968788}, "4_atom_5": {"free energy": -401.3792823}, "4_atom_4": {"free energy": -401.37413643}, "4_atom_6": {"free energy": -401.38632023}, "4_atom_3": {"free energy": -401.37531789}, "1_atom": {"free energy": -401.3813144}, "2_atom_100": {"free energy": -401.37901355}, "3_atom_101_110": {"free energy": -401.38174372}, "ferro": {"free energy": -401.38551436}, "3_atom_100_110": {"free energy": -401.37925625}, "3_atom_100_111": {"free energy": -401.37578707}}, "0.02": {"4_atom_2": {"free energy": -401.51591004}, "4_atom_1": {"free energy": -401.51888989}, "2_atom_111": {"free energy": -401.51681636}, "2_atom_110": {"free energy": -401.52089532}, "4_atom_5": {"free energy": -401.51993328}, "4_atom_4": {"free energy": -401.51591}, "4_atom_6": {"free energy": -401.52310664}, "4_atom_3": {"free energy": -401.51691596}, "1_atom": {"free energy": -401.52355967}, "2_atom_100": {"free energy": -401.51985434}, "3_atom_101_110": {"free energy": -401.52075531}, "ferro": {"free energy": -401.52875333}, "3_atom_100_110": {"free energy": -401.51867342}, "3_atom_100_111": {"free energy": -401.51564125}}, "0.03": {"4_atom_2": {"free energy": -401.51822188}, "4_atom_1": {"free energy": -401.52129716}, "2_atom_111": {"free energy": -401.51912401}, "2_atom_110": {"free energy": -401.52322153}, "4_atom_5": {"free energy": -401.52227479}, "4_atom_4": {"free energy": -401.51822185}, "4_atom_6": {"free energy": -401.52553573}, "4_atom_3": {"free energy": -401.51923246}, "1_atom": {"free energy": -401.52586148}, "2_atom_100": {"free energy": -401.52218789}, "3_atom_101_110": {"free energy": -401.52313228}, "ferro": {"free energy": -401.53103271}, "3_atom_100_110": {"free energy": -401.52104008}, "3_atom_100_111": {"free energy": -401.51799408}}, "0.01": {"4_atom_2": {"free energy": -401.51426243}, "4_atom_1": {"free energy": -401.51718545}, "2_atom_111": {"free energy": -401.5151713}, "2_atom_110": {"free energy": -401.51923914}, "4_atom_5": {"free energy": -401.51826789}, "4_atom_4": {"free energy": -401.51426241}, "4_atom_6": {"free energy": -401.52138894}, "4_atom_3": {"free energy": -401.51526556}, "1_atom": {"free energy": -401.52191797}, "2_atom_100": {"free energy": -401.51819378}, "3_atom_101_110": {"free energy": -401.51906889}, "ferro": {"free energy": -401.52712496}, "3_atom_100_110": {"free energy": -401.51699314}, "3_atom_100_111": {"free energy": -401.51396935}}, "0.06": {"4_atom_2": {"free energy": -401.52568906}, "4_atom_1": {"free energy": -401.52929042}, "2_atom_111": {"free energy": -401.52657052}, "2_atom_110": {"free energy": -401.53076626}, "4_atom_5": {"free energy": -401.52990219}, "4_atom_4": {"free energy": -401.52568907}, "4_atom_6": {"free energy": -401.53364872}, "4_atom_3": {"free energy": -401.52672459}, "1_atom": {"free energy": -401.53327136}, "2_atom_100": {"free energy": -401.52977405}, "3_atom_101_110": {"free energy": -401.53095748}, "ferro": {"free energy": -401.53831743}, "3_atom_100_110": {"free energy": -401.52880932}, "3_atom_100_111": {"free energy": -401.52569102}}, "0.07": {"4_atom_2": {"free energy": -401.52593215}, "4_atom_1": {"free energy": -401.52979337}, "2_atom_111": {"free energy": -401.52680479}, "2_atom_110": {"free energy": -401.53104683}, "4_atom_5": {"free energy": -401.5302224}, "4_atom_4": {"free energy": -401.52593221}, "4_atom_6": {"free energy": -401.53420989}, "4_atom_3": {"free energy": -401.52697976}, "1_atom": {"free energy": -401.53348526}, "2_atom_100": {"free energy": -401.53007576}, "3_atom_101_110": {"free energy": -401.53137691}, "ferro": {"free energy": -401.5384688}, "3_atom_100_110": {"free energy": -401.52920151}, "3_atom_100_111": {"free energy": -401.52604965}}, "0.04": {"4_atom_2": {"free energy": -401.5211693}, "4_atom_1": {"free energy": -401.52437928}, "2_atom_111": {"free energy": -401.52206594}, "2_atom_110": {"free energy": -401.52618912}, "4_atom_5": {"free energy": -401.52526384}, "4_atom_4": {"free energy": -401.52116939}, "4_atom_6": {"free energy": -401.52864869}, "4_atom_3": {"free energy": -401.52218641}, "1_atom": {"free energy": -401.52879461}, "2_atom_100": {"free energy": -401.52516591}, "3_atom_101_110": {"free energy": -401.52617149}, "ferro": {"free energy": -401.53393404}, "3_atom_100_110": {"free energy": -401.52406489}, "3_atom_100_111": {"free energy": -401.5209998}}, "0.05": {"4_atom_2": {"free energy": -401.52396753}, "4_atom_1": {"free energy": -401.52735239}, "2_atom_111": {"free energy": -401.52485711}, "2_atom_110": {"free energy": -401.52901314}, "4_atom_5": {"free energy": -401.52811541}, "4_atom_4": {"free energy": -401.52396752}, "4_atom_6": {"free energy": -401.53166157}, "4_atom_3": {"free energy": -401.52499292}, "1_atom": {"free energy": -401.53157379}, "2_atom_100": {"free energy": -401.52800365}, "3_atom_101_110": {"free energy": -401.52908874}, "ferro": {"free energy": -401.53667164}, "3_atom_100_110": {"free energy": -401.5269635}, "3_atom_100_111": {"free energy": -401.52387423}}, "0.15": {"4_atom_2": {"free energy": -401.31191138}, "4_atom_1": {"free energy": -401.31968676}, "2_atom_111": {"free energy": -401.31277418}, "2_atom_110": {"free energy": -401.31755312}, "4_atom_5": {"free energy": -401.31721965}, "4_atom_4": {"free energy": -401.31191141}, "4_atom_6": {"free energy": -401.32492924}, "4_atom_3": {"free energy": -401.31311767}, "1_atom": {"free energy": -401.31900926}, "2_atom_100": {"free energy": -401.31694973}, "3_atom_101_110": {"free energy": -401.31998018}, "ferro": {"free energy": -401.32304156}, "3_atom_100_110": {"free energy": -401.31743149}, "3_atom_100_111": {"free energy": -401.31391516}}, "0.1": {"4_atom_2": {"free energy": -401.5046072}, "4_atom_1": {"free energy": -401.50952707}, "2_atom_111": {"free energy": -401.50545419}, "2_atom_110": {"free energy": -401.50987008}, "4_atom_5": {"free energy": -401.50919897}, "4_atom_4": {"free energy": -401.50460734}, "4_atom_6": {"free energy": -401.51417725}, "4_atom_3": {"free energy": -401.50570216}, "1_atom": {"free energy": -401.51203792}, "2_atom_100": {"free energy": -401.50899}, "3_atom_101_110": {"free energy": -401.51076775}, "ferro": {"free energy": -401.51676406}, "3_atom_100_110": {"free energy": -401.50848443}, "3_atom_100_111": {"free energy": -401.50520893}}, "0.11": {"4_atom_2": {"free energy": -401.48612884}, "4_atom_1": {"free energy": -401.49150291}, "2_atom_111": {"free energy": -401.48697003}, "2_atom_110": {"free energy": -401.49145356}, "4_atom_5": {"free energy": -401.49084398}, "4_atom_4": {"free energy": -401.48612901},