{"4_atom_2": {"free energy": -401.51043981}, "2_atom": {"free energy": -401.51752807}, "2_atom_111": {"free energy": -401.51451069}, "2_atom_110": {"free energy": -401.51857485}, "4_atom_5": {"free energy": -337.6364522}, "4_atom_4": {"free energy": -401.51360115}, "4_atom_1": {"free energy": -401.51650511}, "ferro": {"free energy": -401.52646994}, "4_atom_3": {"free energy": -401.51460328}, "1_atom": {"free energy": -401.52125855}, "3_atom_101_110": {"free energy": -401.5183946}, "4_atom_6": {"free energy": -401.52070431}, "3_atom_100_110": {"free energy": -401.51632083}, "3_atom_100_111": {"free energy": -401.5133}}