{"0.995": {"4_atom_2": {"free energy": -401.49753868}, "4_atom_1": {"free energy": -401.50212115}, "2_atom_111": {"free energy": -401.50071748}, "2_atom_110": {"free energy": -401.50485343}, "4_atom_5": {"free energy": -401.50380381}, "4_atom_4": {"free energy": -401.49984577}, "4_atom_6": {"free energy": -401.50688288}, "4_atom_3": {"free energy": -401.50098791}, "1_atom": {"free energy": -401.5074697}, "2_atom_100": {"free energy": -401.50355166}, "3_atom_101_110": {"free energy": -401.50458629}, "ferro": {"free energy": -401.51268745}, "3_atom_100_110": {"free energy": -401.50223144}, "3_atom_100_111": {"free energy": -401.49928002}}, "0.994": {"4_atom_2": {"free energy": -401.49175233}, "4_atom_1": {"free energy": -401.49603302}, "2_atom_111": {"free energy": -401.49475037}, "2_atom_110": {"free energy": -401.49889952}, "4_atom_5": {"free energy": -401.49783525}, "4_atom_4": {"free energy": -401.49388638}, "4_atom_6": {"free energy": -401.50090347}, "4_atom_3": {"free energy": -401.49505563}, "1_atom": {"free energy": -401.50150473}, "2_atom_100": {"free energy": -401.49754817}, "3_atom_101_110": {"free energy": -401.49861277}, "ferro": {"free energy": -401.50672502}, "3_atom_100_110": {"free energy": -401.4962035}, "3_atom_100_111": {"free energy": -401.49326621}}, "0.997": {"4_atom_2": {"free energy": -401.5061146}, "4_atom_1": {"free energy": -401.51129587}, "2_atom_111": {"free energy": -401.50965297}, "2_atom_110": {"free energy": -401.51376143}, "4_atom_5": {"free energy": -401.51274165}, "4_atom_4": {"free energy": -401.50876609}, "4_atom_6": {"free energy": -401.51583642}, "4_atom_3": {"free energy": -401.50985331}, "1_atom": {"free energy": -401.51640242}, "2_atom_100": {"free energy": -401.51256039}, "3_atom_101_110": {"free energy": -401.51353147}, "ferro": {"free energy": -401.52161603}, "3_atom_100_110": {"free energy": -401.51128718}, "3_atom_100_111": {"free energy": -401.50830766}}, "0.996": {"4_atom_2": {"free energy": -401.50234497}, "4_atom_1": {"free energy": -401.50722733}, "2_atom_111": {"free energy": -401.50570357}, "2_atom_110": {"free energy": -401.50982596}, "4_atom_5": {"free energy": -401.50879113}, "4_atom_4": {"free energy": -401.5048243}, "4_atom_6": {"free energy": -401.51187914}, "4_atom_3": {"free energy": -401.50593911}, "1_atom": {"free energy": -401.51245424}, "2_atom_100": {"free energy": -401.50857434}, "3_atom_101_110": {"free energy": -401.50957783}, "ferro": {"free energy": -401.51766959}, "3_atom_100_110": {"free energy": -401.50727793}, "3_atom_100_111": {"free energy": -401.50431244}}, "0.991": {"4_atom_2": {"free energy": -401.46790258}, "4_atom_1": {"free energy": -401.47126701}, "2_atom_111": {"free energy": -401.47035409}, "2_atom_110": {"free energy": -401.47454019}, "4_atom_5": {"free energy": -401.47343267}, "4_atom_4": {"free energy": -401.46951285}, "4_atom_6": {"free energy": -401.47645625}, "4_atom_3": {"free energy": -401.47076131}, "1_atom": {"free energy": -401.47711657}, "2_atom_100": {"free energy": -401.47304233}, "3_atom_101_110": {"free energy": -401.47418943}, "ferro": {"free energy": -401.48234801}, "3_atom_100_110": {"free energy": -401.47162077}, "3_atom_100_111": {"free energy": -401.46872657}}, "0.993": {"4_atom_2": {"free energy": -401.4850301}, "4_atom_1": {"free energy": -401.48900717}, "2_atom_111": {"free energy": -401.48784675}, "2_atom_110": {"free energy": -401.49200864}, "4_atom_5": {"free energy": -401.49092982}, "4_atom_4": {"free energy": -401.4869903}, "4_atom_6": {"free energy": -401.49398521}, "4_atom_3": {"free energy": -401.48818634}, "1_atom": {"free energy": -401.49460346}, "2_atom_100": {"free energy": -401.49060799}, "3_atom_101_110": {"free energy": -401.49170134}, "ferro": {"free energy": -401.49982698}, "3_atom_100_110": {"free energy": -401.48923836}, "3_atom_100_111": {"free energy": -401.4863153}}, "0.992": {"4_atom_2": {"free energy": -401.47696408}, "4_atom_1": {"free energy": -401.48063567}, "2_atom_111": {"free energy": -401.47959851}, "2_atom_110": {"free energy": -401.48377271}, "4_atom_5": {"free energy": -401.48267946}, "4_atom_4": {"free energy": -401.47874972}, "4_atom_6": {"free energy": -401.48571999}, "4_atom_3": {"free energy": -401.47997208}, "1_atom": {"free energy": -401.48635794}, "2_atom_100": {"free energy": -401.48232324}, "3_atom_101_110": {"free energy": -401.48344411}, "ferro": {"free energy": -401.49158517}, "3_atom_100_110": {"free energy": -401.48092797}, "3_atom_100_111": {"free energy": -401.47801928}}, "1.01": {"4_atom_2": {"free energy": -401.45611054}, "4_atom_1": {"free energy": -401.46501211}, "2_atom_111": {"free energy": -401.46190725}, "2_atom_110": {"free energy": -401.46579853}, "4_atom_5": {"free energy": -401.46498346}, "4_atom_4": {"free energy": -401.4609218}, "4_atom_6": {"free energy": -401.46799015}, "4_atom_3": {"free energy": -401.46161991}, "1_atom": {"free energy": -401.46867305}, "2_atom_100": {"free energy": -401.46529324}, "3_atom_101_110": {"free energy": -401.46573241}, "ferro": {"free energy": -401.47390897}, "3_atom_100_110": {"free energy": -401.46426885}, "3_atom_100_111": {"free energy": -401.4611143}}, "0.999": {"4_atom_2": {"free energy": -401.51008879}, "4_atom_1": {"free energy": -401.51586117}, "2_atom_111": {"free energy": -401.51398294}, "2_atom_110": {"free energy": -401.51806225}, "4_atom_5": {"free energy": -401.51707274}, "4_atom_4": {"free energy": -401.51308092}, "4_atom_6": {"free energy": -401.52017547}, "4_atom_3": {"free energy": -401.51411177}, "1_atom": {"free energy": -401.52073097}, "2_atom_100": {"free energy": -401.51696362}, "3_atom_101_110": {"free energy": -401.51786621}, "ferro": {"free energy": -401.52594261}, "3_atom_100_110": {"free energy": -401.51573503}, "3_atom_100_111": {"free energy": -401.5127279}}, "0.998": {"4_atom_2": {"free energy": -401.50861791}, "4_atom_1": {"free energy": -401.51409565}, "2_atom_111": {"free energy": -401.51233461}, "2_atom_110": {"free energy": -401.51642873}, "4_atom_5": {"free energy": -401.51542392}, "4_atom_4": {"free energy": -401.51144014}, "4_atom_6": {"free energy": -401.51852371}, "4_atom_3": {"free energy": -401.51249928}, "1_atom": {"free energy": -401.51908312}, "2_atom_100": {"free energy": -401.51527863}, "3_atom_101_110": {"free energy": -401.51621605}, "ferro": {"free energy": -401.52429551}, "3_atom_100_110": {"free energy": -401.51402797}, "3_atom_100_111": {"free energy": -401.51103464}}, "1": {"4_atom_2": {"free energy": -401.51043985}, "4_atom_1": {"free energy": -401.51650508}, "2_atom_111": {"free energy": -401.51451068}, "2_atom_110": {"free energy": -401.51857484}, "4_atom_5": {"free energy": -339.91931147}, "4_atom_4": {"free energy": -401.51360114}, "4_atom_6": {"free energy": -401.52070427}, "4_atom_3": {"free energy": -401.51460328}, "1_atom": {"free energy": -401.52125853}, "2_atom_100": {"free energy": -401.51752807}, "3_atom_101_110": {"free energy": -401.51839456}, "ferro": {"free energy": -401.52646993}, "3_atom_100_110": {"free energy": -401.51632085}, "3_atom_100_111": {"free energy": -401.51330006}}, "1.008": {"4_atom_2": {"free energy": -401.47533315}, "4_atom_1": {"free energy": -401.48368111}, "2_atom_111": {"free energy": -401.48079125}, "2_atom_110": {"free energy": -401.48472002}, "4_atom_5": {}, "4_atom_4": {"free energy": -401.47982081}, "4_atom_6": {"free energy": -401.48691379}, "4_atom_3": {"free energy": -401.48058232}, "1_atom": {"free energy": -401.48755049}, "2_atom_100": {"free energy": -401.48410308}, "3_atom_101_110": {"free energy": -401.48463736}, "ferro": {"free energy": -401.49277759}, "3_atom_100_110": {"free energy": -401.4830466}, "3_atom_100_111": {"free energy": -401.47991842}}, "1.009": {"4_atom_2": {"free energy": -401.46635956}, "4_atom_1": {"free energy": -401.47498557}, "2_atom_111": {"free energy": -401.47198776}, "2_atom_110": {"free energy": -401.47589797}, "4_atom_5": {"free energy": -401.47506647}, "4_atom_4": {},