{"strains": ["0.99", "0.991", "0.992", "0.993", "0.994", "0.995", "0.996", "0.997", "0.998", "0.999", "1", "1.001", "1.002", "1.003", "1.004", "1.005", "1.006", "1.007", "1.008", "1.009", "1.01"], "exchanges": {"j1xy": [-7.390141819159297e-06, -7.410535727694316e-06, -7.428950247302313e-06, -7.447171495202018e-06, -7.463563805044775e-06, -7.478726025022527e-06, -7.492816711205626e-06, -7.505676832457522e-06, -7.517379533770321e-06, -7.527781091526452e-06, -7.537007888700201e-06, -7.5452381455564845e-06, -7.552489654178626e-06, -7.558518024762554e-06, -7.5636397981386615e-06, -7.567719625265028e-06, -7.570830357802438e-06, -7.573045475113113e-06, -7.5742929325278945e-06, -7.574563477005361e-06, -7.5739776759778185e-06], "j1z": [-7.592849634708229e-06, -7.606883896497264e-06, -7.620378539804533e-06, -7.631432092316944e-06, -7.643315753820185e-06, -7.652403085607793e-06, -7.660674993226526e-06, -7.668562310950598e-06, -7.674861146047277e-06, -7.679898144253474e-06, -7.68421835015382e-06, -7.68762305248079e-06, -7.690133425788436e-06, -7.692285870368415e-06, -7.692829711218178e-06, -7.692988007460869e-06, -7.691866890840536e-06, -7.689964068803715e-06, -7.687238134056229e-06, -7.683835317226083e-06, -7.679346520820883e-06], "j2xy": [-7.106785324267049e-06, -7.018713404403556e-06, -6.932212109968235e-06, -6.845641480249609e-06, -6.7600107328182356e-06, -6.6756429676635374e-06, -6.591992426866427e-06, -6.509022323923951e-06, -6.427082257050847e-06, -6.346233316158698e-06, -6.265859186093166e-06, -6.186429938863367e-06, -6.107720520094943e-06, -6.029573999710317e-06, -5.952634829915154e-06, -5.8761522416052606e-06, -5.800672233098434e-06, -5.725856890613653e-06, -5.651855278988238e-06, -5.578667165793656e-06, -5.506108046724931e-06], "j2z": [-7.343909238933457e-06, -7.248674191539571e-06, -7.154198289502904e-06, -7.061453452909708e-06, -6.969347090732659e-06, -6.878376072384773e-06, -6.788394026184619e-06, -6.699332631317273e-06, -6.611397393411866e-06, -6.524488967744789e-06, -6.438452014087423e-06, -6.353432107972601e-06, -6.269380378180416e-06, -6.186334619635699e-06, -6.104147623094228e-06, -6.022858621770899e-06, -5.942491268831662e-06, -5.863041219476599e-06, -5.7844898110456735e-06, -5.706784211514136e-06, -5.630003238544028e-06], "j3": [2.4111730216906988e-06, 2.37016099050742e-06, 2.3293393155309773e-06, 2.2892488085799457e-06, 2.2497697273397475e-06, 2.2103306906111232e-06, 2.171361619956267e-06, 2.132863908910007e-06, 2.094728802021732e-06, 2.05699020699379e-06, 2.0197245995092573e-06, 1.9828530027326213e-06, 1.946429822334586e-06, 1.9103683783553195e-06, 1.8746625078149347e-06, 1.8395081944563087e-06, 1.8046518125180114e-06, 1.77023131883856e-06, 1.7361777443612576e-06, 1.702546944670991e-06, 1.6693084230531454e-06], "paramagnetic energy": [-401.38543560933067, -401.421956355887, -401.4530425568528, -401.47889904133706, -401.4994741081235, -401.5149285752081, -401.5251877539651, -401.5304337477194, -401.5307555927929, -401.5258921911158, -401.51608354896393, -401.5014153362293, -401.4820155138844, -401.45758952686606, -401.4286367684238, -401.3949640951503, -401.3567121876223, -401.3141271832302, -401.26643522899957, -401.21460484991616, -401.1579573249209], "score": [0.9999583448394032, 0.9999600008765097, 0.9999618277275945, 0.9999631978310201, 0.999964722863647, 0.9999661883852043, 0.9999675813086254, 0.9999689174305775, 0.999970281822544, 0.999971580969738, 0.999972819969925, 0.9999739998715242, 0.9999751142567052, 0.9999761594642494, 0.9999772160434154, 0.9999782008096495, 0.9999792179407786, 0.999980097993571, 0.999980993362586, 0.9999818702500644, 0.9999827056459237]}, "error": {"j1xyerror": [4.3447775924241844e-08, 4.213512004928585e-08, 4.073633469329547e-08, 3.958947337938164e-08, 3.8363966221199545e-08, 3.717611864158596e-08, 3.603291268415994e-08, 3.492552503022064e-08, 3.380658589582031e-08, 3.2727986496628714e-08, 3.168643099797509e-08, 3.0682527586018476e-08, 2.9720202002353083e-08, 2.880204583813728e-08, 2.787961529712547e-08, 2.70030570225768e-08, 2.610815345363896e-08, 2.5300968161088692e-08, 2.4485866852282826e-08, 2.3683636078921102e-08, 2.2909324672814444e-08], "j1zerror": [1.5679059899974252e-07, 1.5205359931364242e-07, 1.4700578296004556e-07, 1.428670884341918e-07, 1.3844458354591204e-07, 1.3415798130756607e-07, 1.3003247791799233e-07, 1.2603623254311263e-07, 1.2199830117850636e-07, 1.1810594438273179e-07, 1.143472684309379e-07, 1.1072446809305598e-07, 1.0725171024789575e-07, 1.0393834720685735e-07, 1.0060955916226143e-07, 9.744631100971367e-08, 9.421685993572939e-08, 9.130395903734014e-08, 8.836249149994569e-08, 8.546747004451529e-08, 8.267320160169593e-08], "j2xyerror": [4.102455518135755e-08, 3.978511030228794e-08, 3.846433965746227e-08, 3.738144244909744e-08, 3.6224285725502336e-08, 3.510268818592126e-08, 3.4023242463179146e-08, 3.297761734314075e-08, 3.1921085005471094e-08, 3.0902642527589824e-08, 2.991917789401531e-08, 2.8971265370428856e-08, 2.8062611747321635e-08, 2.7195664074564962e-08, 2.6324680420610095e-08, 2.5497010590821793e-08, 2.465201864209928e-08, 2.3889852642312568e-08, 2.312021212769084e-08, 2.236272431778897e-08, 2.163159872317244e-08], "j2zerror": [2.2262919073356034e-08, 2.159030578317827e-08, 2.0873559194452792e-08, 2.028590010081941e-08, 1.9657942372120028e-08, 1.904928165304133e-08, 1.846349558751908e-08, 1.7896063050455e-08, 1.7322711460707308e-08, 1.6770030210034244e-08, 1.6236330491609836e-08, 1.5721923943923103e-08, 1.5228822142148043e-08, 1.4758353034217609e-08, 1.4285693708199499e-08, 1.3836539625758438e-08, 1.3377985296799004e-08, 1.2964378375317362e-08, 1.2546715236330156e-08, 1.2135647042260805e-08, 1.1738884911057886e-08], "j3error": [3.590588124497414e-08, 3.482108311758852e-08, 3.366510631990447e-08, 3.271732325700046e-08, 3.170454611132382e-08, 3.0722891395439077e-08, 2.977812917291567e-08, 2.8862967723367002e-08, 2.79382599604153e-08, 2.704688954813453e-08, 2.6186132760263126e-08, 2.5356492210790803e-08, 2.45612121903281e-08, 2.380243442793683e-08, 2.3040124257674983e-08, 2.231572360330954e-08, 2.1576162127757522e-08, 2.0909092326358815e-08, 2.0235480612662858e-08, 1.9572505298814444e-08, 1.8932602960826593e-08]}}