{"0.995": {"4_atom_2": {"free energy": -401.50896442}, "4_atom_1": {"free energy": -401.51529491}, "2_atom_111": {"free energy": -401.5132083}, "2_atom_110": {"free energy": -401.51758648}, "4_atom_5": {"free energy": -334.61557999}, "4_atom_4": {"free energy": -401.51228117}, "4_atom_6": {"free energy": -401.52023273}, "4_atom_3": {"free energy": -401.51345808}, "1_atom": {"free energy": -401.5202648}, "2_atom_100": {"free energy": -401.51635664}, "3_atom_101_110": {"free energy": -401.51758086}, "ferro": {"free energy": -401.52564246}, "3_atom_100_110": {"free energy": -401.51514366}, "3_atom_100_111": {"free energy": -401.51199114}}, "0.994": {"4_atom_2": {"free energy": -401.49344421}, "4_atom_1": {"free energy": -401.49982816}, "2_atom_111": {"free energy": -401.49772334}, "2_atom_110": {"free energy": -401.50216641}, "4_atom_5": {"free energy": -340.68720112}, "4_atom_4": {"free energy": -401.49679263}, "4_atom_6": {"free energy": -401.50492114}, "4_atom_3": {"free energy": -401.49800628}, "1_atom": {"free energy": -401.50484269}, "2_atom_100": {"free energy": -401.5008981}, "3_atom_101_110": {"free energy": -401.50219777}, "ferro": {"free energy": -401.51025386}, "3_atom_100_110": {"free energy": -401.49968417}, "3_atom_100_111": {"free energy": -401.49650514}}, "0.997": {"4_atom_2": {"free energy": -401.52459934}, "4_atom_1": {"free energy": -401.53082338}, "2_atom_111": {"free energy": -401.52877337}, "2_atom_110": {"free energy": -401.53302391}, "4_atom_5": {"free energy": -340.65876947}, "4_atom_4": {"free energy": -401.52785344}, "4_atom_6": {"free energy": -401.53545794}, "4_atom_3": {"free energy": -401.52895873}, "1_atom": {"free energy": -401.5357053}, "2_atom_100": {"free energy": -401.53186909}, "3_atom_101_110": {"free energy": -401.53294633}, "ferro": {"free energy": -401.54101622}, "3_atom_100_110": {"free energy": -401.53065821}, "3_atom_100_111": {"free energy": -401.52755859}}, "0.996": {"4_atom_2": {"free energy": -401.51928869}, "4_atom_1": {"free energy": -401.525566}, "2_atom_111": {"free energy": -401.52349762}, "2_atom_110": {"free energy": -401.52781163}, "4_atom_5": {"free energy": -337.55070602}, "4_atom_4": {"free energy": -401.52257408}, "4_atom_6": {"free energy": -401.53035101}, "4_atom_3": {"free energy": -401.52371488}, "1_atom": {"free energy": -401.53049163}, "2_atom_100": {"free energy": -401.52661962}, "3_atom_101_110": {"free energy": -401.52776965}, "ferro": {"free energy": -401.5358359}, "3_atom_100_110": {"free energy": -401.52540762}, "3_atom_100_111": {"free energy": -401.52228159}}, "0.991": {"4_atom_2": {"free energy": -401.41572581}, "4_atom_1": {"free energy": -401.422271}, "2_atom_111": {"free energy": -401.42011274}, "2_atom_110": {"free energy": -401.42475412}, "4_atom_5": {"free energy": -340.23242169}, "4_atom_4": {"free energy": -401.41917051}, "4_atom_6": {"free energy": -401.42784576}, "4_atom_3": {"free energy": -401.42049783}, "1_atom": {"free energy": -401.42742246}, "2_atom_100": {"free energy": -401.42336656}, "3_atom_101_110": {"free energy": -401.42490075}, "ferro": {"free energy": -401.43293449}, "3_atom_100_110": {"free energy": -401.4221504}, "3_atom_100_111": {"free energy": -401.41889152}}, "0.993": {"4_atom_2": {"free energy": -401.47280288}, "4_atom_1": {"free energy": -401.47924047}, "2_atom_111": {"free energy": -401.47711793}, "2_atom_110": {"free energy": -401.48162617}, "4_atom_5": {"free energy": -338.70644587}, "4_atom_4": {"free energy": -401.47618316}, "4_atom_6": {"free energy": -401.4844915}, "4_atom_3": {"free energy": -401.47743406}, "1_atom": {"free energy": -401.48430015}, "2_atom_100": {"free energy": -401.48031878}, "3_atom_101_110": {"free energy": -401.48169519}, "ferro": {"free energy": -401.48974495}, "3_atom_100_110": {"free energy": -401.47910399}, "3_atom_100_111": {"free energy": -401.47589837}}, "0.992": {"4_atom_2": {"free energy": -401.4468805}, "4_atom_1": {"free energy": -401.45337083}, "2_atom_111": {"free energy": -401.45123037}, "2_atom_110": {"free energy": -401.45580483}, "4_atom_5": {"free energy": -341.55074216}, "4_atom_4": {"free energy": -401.45029189}, "4_atom_6": {"free energy": -401.45878232}, "4_atom_3": {"free energy": -401.45158072}, "1_atom": {"free energy": -401.45847615}, "2_atom_100": {"free energy": -401.45445768}, "3_atom_101_110": {"free energy": -401.4559122}, "ferro": {"free energy": -401.46395449}, "3_atom_100_110": {"free energy": -401.45324217}, "3_atom_100_111": {"free energy": -401.45000993}}, "1.01": {"4_atom_2": {"free energy": -401.1529144}, "4_atom_1": {"free energy": -401.15846122}, "2_atom_111": {"free energy": -401.15665596}, "2_atom_110": {"free energy": -401.16014121}, "4_atom_5": {"free energy": -341.4875493}, "4_atom_4": {"free energy": -401.15577991}, "4_atom_6": {"free energy": -401.16135928}, "4_atom_3": {"free energy": -401.15647177}, "1_atom": {"free energy": -401.1628144}, "2_atom_100": {"free energy": -401.15941755}, "3_atom_101_110": {"free energy": -401.15965951}, "ferro": {"free energy": -401.16769933}, "3_atom_100_110": {"free energy": -401.15822785}, "3_atom_100_111": {"free energy": -401.15546381}}, "0.999": {"4_atom_2": {"free energy": -401.52018544}, "4_atom_1": {"free energy": -401.52630353}, "2_atom_111": {"free energy": -401.5242905}, "2_atom_110": {"free energy": -401.52841614}, "4_atom_5": {"free energy": -341.15857578}, "4_atom_4": {"free energy": -401.52337743}, "4_atom_6": {"free energy": -401.53064538}, "4_atom_3": {"free energy": -401.52441349}, "1_atom": {"free energy": -401.53109933}, "2_atom_100": {"free energy": -401.52733393}, "3_atom_101_110": {"free energy": -401.52826943}, "ferro": {"free energy": -401.53634397}, "3_atom_100_110": {"free energy": -401.52612539}, "3_atom_100_111": {"free energy": -401.52307837}}, "0.998": {"4_atom_2": {"free energy": -401.52498522}, "4_atom_1": {"free energy": -401.53115627}, "2_atom_111": {"free energy": -401.52912473}, "2_atom_110": {"free energy": -401.53331245}, "4_atom_5": {"free energy": -338.12208327}, "4_atom_4": {"free energy": -401.52820818}, "4_atom_6": {"free energy": -401.53564307}, "4_atom_3": {"free energy": -401.52927866}, "1_atom": {"free energy": -401.53599493}, "2_atom_100": {"free energy": -401.53219425}, "3_atom_101_110": {"free energy": -401.53320001}, "ferro": {"free energy": -401.54127261}, "3_atom_100_110": {"free energy": -401.53098448}, "3_atom_100_111": {"free energy": -401.52791121}}, "1": {"4_atom_2": {"free energy": -401.51043984}, "4_atom_1": {"free energy": -401.51650508}, "2_atom_111": {"free energy": -401.51451068}, "2_atom_110": {"free energy": -401.51857484}, "4_atom_5": {"free energy": -339.8987066}, "4_atom_4": {"free energy": -401.51360114}, "4_atom_6": {"free energy": -401.52070426}, "4_atom_3": {"free energy": -401.51460328}, "1_atom": {"free energy": -401.52125853}, "2_atom_100": {"free energy": -401.51752807}, "3_atom_101_110": {"free energy": -401.51839456}, "ferro": {"free energy": -401.52646993}, "3_atom_100_110": {"free energy": -401.51632085}, "3_atom_100_111": {"free energy": -401.51330006}}, "1.008": {"4_atom_2": {"free energy": -401.26127631}, "4_atom_1": {"free energy": -401.26692515}, "2_atom_111": {"free energy": -401.26508202}, "2_atom_110": {"free energy": -401.26867802}, "4_atom_5": {"free energy": -336.84027266}, "4_atom_4": {"free energy": -401.26419935}, "4_atom_6": {"free energy": -401.27006592}, "4_atom_3": {"free energy": -401.26494932}, "1_atom": {"free energy": -401.27135537}, "2_atom_100": {"free energy": -401.26789397}, "3_atom_101_110": {"free energy": -401.26825178}, "ferro": {"free energy": -401.2763049}, "3_atom_100_110": {"free energy": -401.26670015}, "3_atom_100_111": {"free energy": -401.26388558}}, "1.009": {"4_atom_2": {"free energy": -401.20950426}, "4_atom_1": {"free energy": -401.21510192}, "2_atom_111": {"free energy": -401.21327773}, "2_atom_110": {"free energy": -401.21681807}, "4_atom_5": {"free energy": -336.52171668},