{"0": {"1": {"values": {"J1xy": -7.53701282642025e-06, "J1z": -7.68423060217031e-06, "J2xy": -6.26591081195918e-06, "J2z": -6.438472570087688e-06, "J3": 2.019753963002621e-06, "paramagnetic-energy": -401.5160835468894}, "error": {"J1xy": 3.168935821245765e-08, "J1z": 1.1435783191094025e-07, "J2xy": 2.992194184842985e-08, "J2z": 1.6237830415086916e-08, "J3": 2.6188551853377875e-08}, "R-square": 0.9999728151425094}, "1.002": {"values": {"J1xy": -7.552503249315369e-06, "J1z": -7.690076097647283e-06, "J2xy": -6.107755606827915e-06, "J2z": -6.269358512246232e-06, "J3": 1.9464225909371146e-06, "paramagnetic-energy": -401.48201551526176}, "error": {"J1xy": 2.970296377750395e-08, "J1z": 1.07189502423852e-07, "J2xy": 2.804633495313578e-08, "J2z": 1.5219989165163126e-08, "J3": 2.4546966267697067e-08}, "R-square": 0.9999751430550724}, "1.004": {"values": {"J1xy": -7.56363554746287e-06, "J1z": -7.69297072515881e-06, "J2xy": -5.952518394285093e-06, "J2z": -6.104133474400894e-06, "J3": 1.874690327292327e-06, "paramagnetic-energy": -401.42863678028067}, "error": {"J1xy": 2.7894352491475384e-08, "J1z": 1.0066274148242732e-07, "J2xy": 2.63385956747276e-08, "J2z": 1.4293245141114097e-08, "J3": 2.305230329190529e-08}, "R-square": 0.9999771917997619}, "1.006": {"values": {"J1xy": -7.570849458775328e-06, "J1z": -7.691696597525176e-06, "J2xy": -5.800714094993849e-06, "J2z": -5.942504086219767e-06, "J3": 1.8046218656043983e-06, "paramagnetic-energy": -401.3567121807715}, "error": {"J1xy": 2.6125419313000226e-08, "J1z": 9.427916748482508e-08, "J2xy": 2.466832152953257e-08, "J2z": 1.3386832433885191e-08, "J3": 2.1590430887955953e-08}, "R-square": 0.9999791905215069}, "1.008": {"values": {"J1xy": -7.574256244634196e-06, "J1z": -7.687236035830639e-06, "J2xy": -5.651935341872504e-06, "J2z": -5.784464708670999e-06, "J3": 1.7361672207887949e-06, "paramagnetic-energy": -401.2664352105551}, "error": {"J1xy": 2.4459698033489686e-08, "J1z": 8.826805571614753e-08, "J2xy": 2.30955028272083e-08, "J2z": 1.2533306165724266e-08, "J3": 2.0213854315806002e-08}, "R-square": 0.9999810338926145}, "1.01": {"values": {"J1xy": -7.573944832387797e-06, "J1z": -7.67949166787185e-06, "J2xy": -5.506070572285053e-06, "J2z": -5.6300154853814965e-06, "J3": 1.6693577394115095e-06, "paramagnetic-energy": -401.1579573573585}, "error": {"J1xy": 2.2929760833618914e-08, "J1z": 8.274694986212187e-08, "J2xy": 2.165089509424745e-08, "J2z": 1.1749356530939037e-08, "J3": 1.8949491704780438e-08}, "R-square": 0.9999826747871814}}, "0.03": {"1": {"values": {"J1xy": -7.539792725656971e-06, "J1z": -7.123200091502133e-06, "J2xy": -6.2537605999726785e-06, "J2z": -6.499773655129727e-06, "J3": 2.0749662463222886e-06, "paramagnetic-energy": -401.5363717204961}, "error": {"J1xy": 3.252527827013893e-08, "J1z": 1.1737442835970389e-07, "J2xy": 3.071123998404316e-08, "J2z": 1.666616121453688e-08, "J3": 2.687936848743829e-08}, "R-square": 0.9999716308051261}, "1.002": {"values": {"J1xy": -7.554273328558193e-06, "J1z": -7.144919398416978e-06, "J2xy": -6.097686222125793e-06, "J2z": -6.330357869838907e-06, "J3": 1.9998896110008765e-06, "paramagnetic-energy": -401.50152241939156}, "error": {"J1xy": 3.049297401371711e-08, "J1z": 1.1004042345529375e-07, "J2xy": 2.8792283804139703e-08, "J2z": 1.56247954776106e-08, "J3": 2.5199842349852443e-08}, "R-square": 0.9999740415558094}, "1.004": {"values": {"J1xy": -7.564689906909004e-06, "J1z": -7.163791560847463e-06, "J2xy": -5.9444435905522495e-06, "J2z": -6.164789093134883e-06, "J3": 1.926657615244278e-06, "paramagnetic-energy": -401.44737329093607}, "error": {"J1xy": 2.8627165676416175e-08, "J1z": 1.033072547118759e-07, "J2xy": 2.7030537536047504e-08, "J2z": 1.4668743317607002e-08, "J3": 2.3657910889383122e-08}, "R-square": 0.9999761896039225}, "1.006": {"values": {"J1xy": -7.57122743504108e-06, "J1z": -7.178245299775121e-06, "J2xy": -5.794408402039338e-06, "J2z": -6.002828512907074e-06, "J3": 1.8550690057938483e-06, "paramagnetic-energy": -401.3746935116185}, "error": {"J1xy": 2.685509034287836e-08, "J1z": 9.691234157518212e-08, "J2xy": 2.535729648377808e-08, "J2z": 1.3760720549969071e-08, "J3": 2.2193441762261354e-08}, "R-square": 0.9999781997691027}, "1.008": {"values": {"J1xy": -7.574069469852263e-06, "J1z": -7.189012982536972e-06, "J2xy": -5.647355431767667e-06, "J2z": -5.844418649761929e-06, "J3": 1.7850753444638748e-06, "paramagnetic-energy": -401.283671736771}, "error": {"J1xy": 2.5123054332913317e-08, "J1z": 9.066191890763145e-08, "J2xy": 2.372186163457413e-08, "J2z": 1.2873214188556553e-08, "J3": 2.0762061721214776e-08}, "R-square": 0.9999801565591159}, "1.01": {"values": {"J1xy": -7.573246673780483e-06, "J1z": -7.195506776967618e-06, "J2xy": -5.503407220876164e-06, "J2z": -5.689593227262541e-06, "J3": 1.7166123295226023e-06, "paramagnetic-energy": -401.17446001178956}, "error": {"J1xy": 2.3548535618626687e-08, "J1z": 8.497993111659325e-08, "J2xy": 2.2235158840144287e-08, "J2z": 1.2066420699822651e-08, "J3": 1.9460856290774746e-08}, "R-square": 0.9999818731104481}}, "0.06": {"1": {"values": {"J1xy": -7.5262712429194576e-06, "J1z": -5.342335310789647e-06, "J2xy": -6.2044369751848965e-06, "J2z": -6.673905932742779e-06, "J3": 2.2493159609801197e-06, "paramagnetic-energy": -401.5897985620389}, "error": {"J1xy": 3.5189940455764295e-08, "J1z": 1.2699043220175685e-07, "J2xy": 3.322728547885688e-08, "J2z": 1.80315512105599e-08, "J3": 2.9081484521222528e-08}, "R-square": 0.9999678176198525}, "1.002": {"values": {"J1xy": -7.538818302447355e-06, "J1z": -5.416267371634125e-06, "J2xy": -6.0544058182551455e-06, "J2z": -6.504137634711626e-06, "J3": 2.1692816624998234e-06, "paramagnetic-energy": -401.55269483648897}, "error": {"J1xy": 3.313595347883881e-08, "J1z": 1.1957818055943213e-07, "J2xy": 3.128785589278102e-08, "J2z": 1.6979075108566714e-08, "J3": 2.7384039464407533e-08}, "R-square": 0.9999702658687594}, "1.004": {"values": {"J1xy": -7.5479123796631864e-06, "J1z": -5.48398195132548e-06, "J2xy": -5.907716384451925e-06, "J2z": -6.337962804223162e-06, "J3": 2.0908678605138128e-06, "paramagnetic-energy": -401.4963236516233}, "error": {"J1xy": 3.112387014115527e-08, "J1z": 1.1231714716838154e-07, "J2xy": 2.9387992846621447e-08, "J2z": 1.5948070700106226e-08, "J3": 2.5721224191565297e-08}, "R-square": 0.9999726738910212}, "1.006": {"values": {"J1xy": -7.553173485972487e-06, "J1z": -5.546877131362319e-06, "J2xy": -5.763826691372203e-06, "J2z": -6.17538859200824e-06, "J3": 2.014282011460049e-06, "paramagnetic-energy": -401.421463754818}, "error": {"J1xy": 2.9171915464047752e-08, "J1z": 1.0527310091897904e-07, "J2xy": 2.754490489426837e-08, "J2z": 1.4947876603011907e-08, "J3": 2.410810012846017e-08}, "R-square": 0.9999750010379816}, "1.008": {"values": {"J1xy": -7.5552121343657415e-06, "J1z": -5.605177956001221e-06, "J2xy": -5.6225545666253465e-06, "J2z": -6.016265979187996e-06, "J3": 1.9393669219201422e-06, "paramagnetic-energy": -401.3282920268175}, "error": {"J1xy": 2.7355364213761135e-08, "J1z": 9.871768691705644e-08, "J2xy": 2.5829668488679036e-08, "J2z": 1.4017064090347245e-08, "J3": 2.2606875449389583e-08}, "R-square": 0.9999771153888293}, "1.01": {"values": {"J1xy": -7.553692905899897e-06, "J1z": -5.659092854571478e-06, "J2xy": -5.483973467268181e-06, "J2z": -5.860638351877618e-06, "J3": 1.8663284911646153e-06, "paramagnetic-energy": -401.2169623411024}, "error": {"J1xy": 2.56614271909446e-08, "J1z": 9.260475259935167e-08, "J2xy": 2.4230207724854125e-08, "J2z": 1.3149079894330329e-08, "J3": 2.120698097185018e-08}, "R-square": 0.9999790421639364}}, "0.09": {"1": {"values": {"J1xy": -7.457695179541809e-06, "J1z": -2.087357615535228e-06, "J2xy": -6.08625756925452e-06, "J2z": -6.942762389082336e-06, "J3": 2.565016339670077e-06, "paramagnetic-energy": -401.65392720837275}, "error": {"J1xy": 4.023547515431576e-08, "J1z": 1.4519832410948686e-07, "J2xy": 3.799141464903813e-08, "J2z": 2.0616915553985062e-08, "J3": 3.325118862804435e-08}, "R-square": 0.9999607631021368},