{"0": {"1": {"values": {"J1xy": -7.53701282642025e-06, "J1z": -7.68423060217031e-06, "J2xy": -6.26591081195918e-06, "J2z": -6.438472570087688e-06, "J3": 2.019753963002621e-06, "paramagnetic-energy": -401.5160835468894}, "error": {"J1xy": 3.168935821245765e-08, "J1z": 1.1435783191094025e-07, "J2xy": 2.992194184842985e-08, "J2z": 1.6237830415086916e-08, "J3": 2.6188551853377875e-08}, "R-square": 0.9999728151425094}, "1.002": {"values": {"J1xy": -7.5524873027740865e-06, "J1z": -7.690112011660519e-06, "J2xy": -6.1077331219571466e-06, "J2z": -6.269380011166403e-06, "J3": 1.946424605155777e-06, "paramagnetic-energy": -401.4820155110024}, "error": {"J1xy": 2.9724030994125802e-08, "J1z": 1.0726552798426635e-07, "J2xy": 2.8066227184036798e-08, "J2z": 1.523078414209292e-08, "J3": 2.4564376525462743e-08}, "R-square": 0.9999751078464467}, "1.004": {"values": {"J1xy": -7.563640459433051e-06, "J1z": -7.692797139736833e-06, "J2xy": -5.952644981880423e-06, "J2z": -6.10414613424126e-06, "J3": 1.8746548435899443e-06, "paramagnetic-energy": -401.4286367633161}, "error": {"J1xy": 2.7878312597967876e-08, "J1z": 1.0060485809352106e-07, "J2xy": 2.632345037713057e-08, "J2z": 1.4285026196795163e-08, "J3": 2.3039047687925313e-08}, "R-square": 0.999977218168132}, "1.006": {"values": {"J1xy": -7.570830405242052e-06, "J1z": -7.691844578217734e-06, "J2xy": -5.800669174529279e-06, "J2z": -5.942491376999699e-06, "J3": 1.8046468447186839e-06, "paramagnetic-energy": -401.3567121883081}, "error": {"J1xy": 2.6107568698877845e-08, "J1z": 9.421474972301278e-08, "J2xy": 2.4651466500972266e-08, "J2z": 1.3377685664708577e-08, "J3": 2.157567887781979e-08}, "R-square": 0.9999792188636808}, "1.008": {"values": {"J1xy": -7.5742929325278945e-06, "J1z": -7.687238134056229e-06, "J2xy": -5.651855278988238e-06, "J2z": -5.7844898110456735e-06, "J3": 1.7361777443612576e-06, "paramagnetic-energy": -401.26643522899957}, "error": {"J1xy": 2.4485866852282826e-08, "J1z": 8.836249149994569e-08, "J2xy": 2.312021212769084e-08, "J2z": 1.2546715236330156e-08, "J3": 2.0235480612662858e-08}, "R-square": 0.999980993362586}, "1.01": {"values": {"J1xy": -7.573973120631645e-06, "J1z": -7.679335146744501e-06, "J2xy": -5.506112908928245e-06, "J2z": -5.630005683756111e-06, "J3": 1.6693081721018704e-06, "paramagnetic-energy": -401.15795732469246}, "error": {"J1xy": 2.2908939401164013e-08, "J1z": 8.267181126648168e-08, "J2xy": 2.1631234939348142e-08, "J2z": 1.1738687495392935e-08, "J3": 1.8932284566666403e-08}, "R-square": 0.9999827062327052}}, "0.03": {"1": {"values": {"J1xy": -7.617081761822512e-06, "J1z": -7.0028324096788175e-06, "J2xy": -6.2692370462036606e-06, "J2z": -6.5032339587854236e-06, "J3": 2.0608781855047986e-06, "paramagnetic-energy": -401.52072836539173}, "error": {"J1xy": 3.255905493902623e-08, "J1z": 1.174963186989537e-07, "J2xy": 3.074313282060689e-08, "J2z": 1.668346859633052e-08, "J3": 2.6907282023542713e-08}, "R-square": 0.9999716990278984}, "1.002": {"values": {"J1xy": -7.63057389197625e-06, "J1z": -7.029614285925668e-06, "J2xy": -6.1124695718730785e-06, "J2z": -6.333498194375536e-06, "J3": 1.9863765232531013e-06, "paramagnetic-energy": -401.4861499825137}, "error": {"J1xy": 3.0529195978339254e-08, "J1z": 1.101711381675947e-07, "J2xy": 2.88264855545126e-08, "J2z": 1.564335584462379e-08, "J3": 2.522977671432832e-08}, "R-square": 0.9999740977153454}, "1.004": {"values": {"J1xy": -7.639784319711394e-06, "J1z": -7.053391737213138e-06, "J2xy": -5.958350302980923e-06, "J2z": -6.167707909375695e-06, "J3": 1.913625848208844e-06, "paramagnetic-energy": -401.4322671515236}, "error": {"J1xy": 2.868905406687242e-08, "J1z": 1.0353059221544996e-07, "J2xy": 2.708897421399817e-08, "J2z": 1.4700455325851339e-08, "J3": 2.3709056365783094e-08}, "R-square": 0.9999761960821599}, "1.006": {"values": {"J1xy": -7.645106325800829e-06, "J1z": -7.07262377615261e-06, "J2xy": -5.807682303037814e-06, "J2z": -6.005445595237953e-06, "J3": 1.8425650210129325e-06, "paramagnetic-energy": -401.3598480696631}, "error": {"J1xy": 2.6885023934216384e-08, "J1z": 9.702036334652169e-08, "J2xy": 2.5385560583458673e-08, "J2z": 1.3776058714175572e-08, "J3": 2.2218179322538147e-08}, "R-square": 0.9999782521992384}, "1.008": {"values": {"J1xy": -7.646710166473504e-06, "J1z": -7.087290395847353e-06, "J2xy": -5.660106294267989e-06, "J2z": -5.846806396295384e-06, "J3": 1.7729394051758992e-06, "paramagnetic-energy": -401.26908220601644}, "error": {"J1xy": 2.5196125241945836e-08, "J1z": 9.092561092299816e-08, "J2xy": 2.3790857146449897e-08, "J2z": 1.2910656191048098e-08, "J3": 2.08224485954879e-08}, "R-square": 0.9999801342976662}, "1.01": {"values": {"J1xy": -7.644670763033997e-06, "J1z": -7.098873213258e-06, "J2xy": -5.515368501595922e-06, "J2z": -5.69170189104391e-06, "J3": 1.7050998916052272e-06, "paramagnetic-energy": -401.16012163963694}, "error": {"J1xy": 2.358901451550956e-08, "J1z": 8.512600788011231e-08, "J2xy": 2.2273380100117354e-08, "J2z": 1.2087162346231746e-08, "J3": 1.949430864670059e-08}, "R-square": 0.9999818965787907}}, "0.06": {"1": {"values": {"J1xy": -7.86284122888423e-06, "J1z": -4.885540015636119e-06, "J2xy": -6.275582818765818e-06, "J2z": -6.701208796574477e-06, "J3": 2.1830286692894555e-06, "paramagnetic-energy": -401.5282687894345}, "error": {"J1xy": 3.539234874250817e-08, "J1z": 1.2772086582801242e-07, "J2xy": 3.341840481125187e-08, "J2z": 1.8135266515007535e-08, "J3": 2.9248757707299915e-08}, "R-square": 0.9999681646772535}, "1.002": {"values": {"J1xy": -7.870264788266103e-06, "J1z": -4.978435344373918e-06, "J2xy": -6.122712034584152e-06, "J2z": -6.529571892184428e-06, "J3": 2.1053825476848834e-06, "paramagnetic-energy": -401.49222728404936}, "error": {"J1xy": 3.3212114371923786e-08, "J1z": 1.198530234436334e-07, "J2xy": 3.135976905046426e-08, "J2z": 1.7018100438707016e-08, "J3": 2.7446979946962696e-08}, "R-square": 0.9999707927902536}, "1.004": {"values": {"J1xy": -7.873869063346971e-06, "J1z": -5.065561413197388e-06, "J2xy": -5.972862353332385e-06, "J2z": -6.361718260799971e-06, "J3": 2.029435887356661e-06, "paramagnetic-energy": -401.4368998313216}, "error": {"J1xy": 3.1149724664883656e-08, "J1z": 1.1241044875116672e-07, "J2xy": 2.941240538127529e-08, "J2z": 1.5961318723904935e-08, "J3": 2.5742590750356606e-08}, "R-square": 0.999973240815367}, "1.006": {"values": {"J1xy": -7.873321388287735e-06, "J1z": -5.148144228729169e-06, "J2xy": -5.8253011134700026e-06, "J2z": -6.197694262073696e-06, "J3": 1.9553550386947603e-06, "paramagnetic-energy": -401.36306283733916}, "error": {"J1xy": 2.9276419540832917e-08, "J1z": 1.0565022624814735e-07, "J2xy": 2.764358044609006e-08, "J2z": 1.500142516228363e-08, "J3": 2.4194463835021497e-08}, "R-square": 0.9999753885159404}, "1.008": {"values": {"J1xy": -7.869598894931356e-06, "J1z": -5.224080678653876e-06, "J2xy": -5.681167370502823e-06, "J2z": -6.037108621838411e-06, "J3": 1.8827778646861862e-06, "paramagnetic-energy": -401.27089508774003}, "error": {"J1xy": 2.7446990575333227e-08, "J1z": 9.904834025452773e-08, "J2xy": 2.5916184556450504e-08, "J2z": 1.4064014025741461e-08, "J3": 2.26825968226367e-08}, "R-square": 0.9999774841188037}, "1.01": {"values": {"J1xy": -7.862295045015172e-06, "J1z": -5.29522266769698e-06, "J2xy": -5.539718834769043e-06, "J2z": -5.880005692461894e-06, "J3": 1.8119171253692633e-06, "paramagnetic-energy": -401.1605506106263}, "error": {"J1xy": 2.5713599089214426e-08, "J1z": 9.279302606114964e-08, "J2xy": 2.4279469830311917e-08, "J2z": 1.3175813109653244e-08, "J3": 2.1250096596154347e-08}, "R-square": 0.9999794366483726}}, "0.09": {"1": {"values": {"J1xy": -8.294256625263715e-06, "J1z": -1.1275782660492352e-06, "J2xy": -6.274948358036267e-06, "J2z": -7.044688714083004e-06, "J3": 2.3830045101566354e-06, "paramagnetic-energy": -401.5191588529262}, "error": {"J1xy": 4.0689633081443284e-08, "J1z": 1.4683725019764766e-07, "J2xy": 3.8420242743138527e-08, "J2z": 2.0849628988978674e-08, "J3": 3.362651142077689e-08}, "R-square": 0.9999621631130639},