{"0": {"0.99": {"values": {"J1xy": -5.716856184357672e-06, "J1z": -1.168028534399428e-05, "J2xy": -6.62343897999921e-06, "J2z": -6.225902166591e-06, "J3": 2.009288718654622e-06, "paramagnetic-energy": -401.4613376527685}, "error": {"J1xy": 3.2371894010235976e-08, "J1z": 1.168209084274236e-07, "J2xy": 3.0566410452485274e-08, "J2z": 1.6587566135900398e-08, "J3": 2.6752609478403477e-08}, "R-square": 0.9999694584775048}, "0.992": {"values": {"J1xy": -6.074009197009359e-06, "J1z": -1.0836562435529816e-05, "J2xy": -6.557432615097612e-06, "J2z": -6.271365142853515e-06, "J3": 2.012849052599498e-06, "paramagnetic-energy": -401.4811660701985}, "error": {"J1xy": 3.222430832708765e-08, "J1z": 1.1628831390049175e-07, "J2xy": 3.042705609260148e-08, "J2z": 1.6511942285187156e-08, "J3": 2.6630642498509678e-08}, "R-square": 0.9999700551902578}, "0.994": {"values": {"J1xy": -6.4345977163696375e-06, "J1z": -1.0015370184725433e-05, "J2xy": -6.48867243414199e-06, "J2z": -6.31529739942845e-06, "J3": 2.01567993439963e-06, "paramagnetic-energy": -401.496320142839}, "error": {"J1xy": 3.205193825238246e-08, "J1z": 1.1566627959176716e-07, "J2xy": 3.0264299645558304e-08, "J2z": 1.6423618753264113e-08, "J3": 2.6488193332795338e-08}, "R-square": 0.9999707526163185}, "0.996": {"values": {"J1xy": -6.798483668191387e-06, "J1z": -9.216100555457156e-06, "J2xy": -6.417250784710472e-06, "J2z": -6.35780034147898e-06, "J3": 2.017629812097357e-06, "paramagnetic-energy": -401.50727485083365}, "error": {"J1xy": 3.192910555465556e-08, "J1z": 1.1522301151086616e-07, "J2xy": 3.0148317718318606e-08, "J2z": 1.636067849105543e-08, "J3": 2.63866825842297e-08}, "R-square": 0.9999714063010544}, "0.998": {"values": {"J1xy": -7.1662370869960686e-06, "J1z": -8.438813813429438e-06, "J2xy": -6.342762477321399e-06, "J2z": -6.399016152476637e-06, "J3": 2.019080014081224e-06, "paramagnetic-energy": -401.5139069366479}, "error": {"J1xy": 3.1857366667634694e-08, "J1z": 1.1496412638203496e-07, "J2xy": 3.008057993734752e-08, "J2z": 1.6323919025186725e-08, "J3": 2.632739651254425e-08}, "R-square": 0.9999720111829997}, "1": {"values": {"J1xy": -7.536997758341925e-06, "J1z": -7.684193260884627e-06, "J2xy": -6.265871336778906e-06, "J2z": -6.438446588395787e-06, "J3": 2.019722994778544e-06, "paramagnetic-energy": -401.51608354798174}, "error": {"J1xy": 3.168358833694223e-08, "J1z": 1.1433701008015668e-07, "J2xy": 2.991649377723549e-08, "J2z": 1.623487389386274e-08, "J3": 2.61837835433632e-08}, "R-square": 0.9999728248123265}}, "0.03": {"0.99": {"values": {"J1xy": -5.793193526581205e-06, "J1z": -1.1005206982378516e-05, "J2xy": -6.6332638818788156e-06, "J2z": -6.296775340079777e-06, "J3": 2.0513590312040525e-06, "paramagnetic-energy": -401.4614067041129}, "error": {"J1xy": 3.32977738633161e-08, "J1z": 1.2016214405290997e-07, "J2xy": 3.1440651039396404e-08, "J2z": 1.7061992911547445e-08, "J3": 2.7517770210906242e-08}, "R-square": 0.9999679734455728}, "0.992": {"values": {"J1xy": -6.151186983972251e-06, "J1z": -1.0159404598847907e-05, "J2xy": -6.5659561911409085e-06, "J2z": -6.341032474526567e-06, "J3": 2.0547474888766214e-06, "paramagnetic-energy": -401.4821790010556}, "error": {"J1xy": 3.316452415649201e-08, "J1z": 1.196812839650215e-07, "J2xy": 3.1314833092810686e-08, "J2z": 1.699371490705889e-08, "J3": 2.7407650692763453e-08}, "R-square": 0.999968600901891}, "0.994": {"values": {"J1xy": -6.512586453188697e-06, "J1z": -9.336147518772653e-06, "J2xy": -6.496011740452594e-06, "J2z": -6.383741812665544e-06, "J3": 2.0572949604328276e-06, "paramagnetic-energy": -401.4982195598157}, "error": {"J1xy": 3.298271955945269e-08, "J1z": 1.1902520316308577e-07, "J2xy": 3.114316831677085e-08, "J2z": 1.6900557065375397e-08, "J3": 2.72574046989877e-08}, "R-square": 0.9999693737862084}, "0.996": {"values": {"J1xy": -6.877657153020798e-06, "J1z": -8.535589608852436e-06, "J2xy": -6.422778511756407e-06, "J2z": -6.425222170956798e-06, "J3": 2.0592943581671048e-06, "paramagnetic-energy": -401.5101209012676}, "error": {"J1xy": 3.290734483961302e-08, "J1z": 1.1875319735331296e-07, "J2xy": 3.10719974849489e-08, "J2z": 1.6861934575448788e-08, "J3": 2.719511392156895e-08}, "R-square": 0.9999699965424035}, "0.998": {"values": {"J1xy": -7.2457264302470595e-06, "J1z": -7.757553279193953e-06, "J2xy": -6.34743129264314e-06, "J2z": -6.464976670577706e-06, "J3": 2.0603608974327336e-06, "paramagnetic-energy": -401.51770130558504}, "error": {"J1xy": 3.2746595908733205e-08, "J1z": 1.1817310042947591e-07, "J2xy": 3.092021403355378e-08, "J2z": 1.6779565792164094e-08, "J3": 2.7062268640086847e-08}, "R-square": 0.9999708115622311}, "1": {"values": {"J1xy": -7.617081761822512e-06, "J1z": -7.0028324096788175e-06, "J2xy": -6.2692370462036606e-06, "J2z": -6.5032339587854236e-06, "J3": 2.0608781855047986e-06, "paramagnetic-energy": -401.52072836539173}, "error": {"J1xy": 3.255905493902623e-08, "J1z": 1.174963186989537e-07, "J2xy": 3.074313282060689e-08, "J2z": 1.668346859633052e-08, "J3": 2.6907282023542713e-08}, "R-square": 0.9999716990278984}}, "0.06": {"0.99": {"values": {"J1xy": -6.031023571769341e-06, "J1z": -8.905255959298224e-06, "J2xy": -6.659344764779152e-06, "J2z": -6.513860253085133e-06, "J3": 2.176735770350584e-06, "paramagnetic-energy": -401.4547025739619}, "error": {"J1xy": 3.622158977776058e-08, "J1z": 1.307133595947612e-07, "J2xy": 3.4201396434774246e-08, "J2z": 1.8560174940523277e-08, "J3": 2.993405469896064e-08}, "R-square": 0.9999634233411278}, "0.992": {"values": {"J1xy": -6.39136120949696e-06, "J1z": -8.052623320551604e-06, "J2xy": -6.58778420557738e-06, "J2z": -6.554508242828706e-06, "J3": 2.1795678992834837e-06, "paramagnetic-energy": -401.4783304123196}, "error": {"J1xy": 3.609029090928433e-08, "J1z": 1.3023953952460904e-07, "J2xy": 3.407742052207285e-08, "J2z": 1.849289655811754e-08, "J3": 2.982554738233003e-08}, "R-square": 0.9999642335274236}, "0.994": {"values": {"J1xy": -6.754477434781938e-06, "J1z": -7.225196749623827e-06, "J2xy": -6.5137064287959535e-06, "J2z": -6.593382421793088e-06, "J3": 2.1816233447829722e-06, "paramagnetic-energy": -401.49721632739755}, "error": {"J1xy": 3.5942348431766466e-08, "J1z": 1.2970565742882632e-07, "J2xy": 3.3937729267377066e-08, "J2z": 1.8417089883680738e-08, "J3": 2.970328554231994e-08}, "R-square": 0.9999651229264718}, "0.996": {"values": {"J1xy": -7.120733842231755e-06, "J1z": -6.421473701395323e-06, "J2xy": -6.436914462380217e-06, "J2z": -6.630828261664206e-06, "J3": 2.1828300909807127e-06, "paramagnetic-energy": -401.51193766392214}, "error": {"J1xy": 3.576496295871762e-08, "J1z": 1.2906552398168103e-07, "J2xy": 3.377023714671818e-08, "J2z": 1.8326196429475825e-08, "J3": 2.9556691577625842e-08}, "R-square": 0.9999661051406432}, "0.998": {"values": {"J1xy": -7.490078481056031e-06, "J1z": -5.642170900737724e-06, "J2xy": -6.357472293919273e-06, "J2z": -6.666740370545929e-06, "J3": 2.1833582671472195e-06, "paramagnetic-energy": -401.52235704832003}, "error": {"J1xy": 3.559704100857132e-08, "J1z": 1.284595416825053e-07, "J2xy": 3.361168073817036e-08, "J2z": 1.824015214510864e-08, "J3": 2.9417918407489567e-08}, "R-square": 0.9999670936112333}, "1": {"values": {"J1xy": -7.86284122888423e-06, "J1z": -4.885540015636119e-06, "J2xy": -6.275582818765818e-06, "J2z": -6.701208796574477e-06, "J3": 2.1830286692894555e-06, "paramagnetic-energy": -401.5282687894345}, "error": {"J1xy": 3.539234874250817e-08, "J1z": 1.2772086582801242e-07, "J2xy": 3.341840481125187e-08, "J2z": 1.8135266515007535e-08, "J3": 2.9248757707299915e-08}, "R-square": 0.9999681646772535}}, "0.09": {"0.99": {"values": {"J1xy": -6.460605459894816e-06, "J1z": -5.161241400058083e-06, "J2xy": -6.693190706679729e-06, "J2z": -6.892057310288199e-06, "J3": 2.381703260966823e-06, "paramagnetic-energy": -401.42189803503527}, "error": {"J1xy": 4.170564152297672e-08, "J1z": 1.5050373412572234e-07, "J2xy": 3.93795851602761e-08, "J2z": 2.1370238231466617e-08, "J3": 3.446615574478558e-08}, "R-square": 0.9999556285915108},