{"1": {"4_atom_2": {"free energy": -401.51043984}, "4_atom_1": {"free energy": -401.51650508}, "2_atom_111": {"free energy": -401.51451068}, "2_atom_110": {"free energy": -401.51857484}, "4_atom_5": {"free energy": -339.91931147}, "4_atom_4": {"free energy": -401.51360114}, "4_atom_6": {"free energy": -401.52070427}, "4_atom_3": {"free energy": -401.51460328}, "1_atom": {"free energy": -401.52125853}, "2_atom_100": {"free energy": -401.51752807}, "3_atom_101_110": {"free energy": -401.51839456}, "ferro": {"free energy": -401.52646993}, "3_atom_100_110": {"free energy": -401.51632085}, "3_atom_100_111": {"free energy": -401.51330006}}, "1.008": {"4_atom_2": {"free energy": -401.46471107}, "4_atom_1": {"free energy": -401.47090559}, "2_atom_111": {"free energy": -401.46883863}, "2_atom_110": {"free energy": -401.47289233}, "4_atom_5": {"free energy": -401.47191673}, "4_atom_4": {"free energy": -401.46781051}, "4_atom_6": {"free energy": -401.47493676}, "4_atom_3": {"free energy": -401.46947511}, "1_atom": {"free energy": -401.47560186}, "2_atom_100": {"free energy": -401.47129533}, "3_atom_101_110": {"free energy": -401.47267184}, "ferro": {"free energy": -401.48083428}, "3_atom_100_110": {"free energy": -401.47068205}, "3_atom_100_111": {"free energy": -401.46692338}}, "1.009": {"4_atom_2": {"free energy": -401.45264679}, "4_atom_1": {"free energy": -401.45887569}, "2_atom_111": {"free energy": -401.45678943}, "2_atom_110": {"free energy": -401.46084035}, "4_atom_5": {"free energy": -401.45986441}, "4_atom_4": {"free energy": -401.45574706}, "4_atom_6": {"free energy": -401.46286225}, "4_atom_3": {"free energy": -401.45748863}, "1_atom": {"free energy": -401.46355677}, "2_atom_100": {"free energy": -401.45917964}, "3_atom_101_110": {"free energy": -401.46060922}, "ferro": {"free energy": -401.46879478}, "3_atom_100_110": {"free energy": -401.45864171}, "3_atom_100_111": {"free energy": -401.45478633}}, "1.002": {"4_atom_2": {"free energy": -401.50751787}, "4_atom_1": {"free energy": -401.51359117}, "2_atom_111": {"free energy": -401.51159243}, "2_atom_110": {"free energy": -401.51565582}, "4_atom_5": {"free energy": -401.5146814}, "4_atom_4": {"free energy": -401.51065246}, "4_atom_6": {"free energy": -401.51777996}, "4_atom_3": {"free energy": -401.51182804}, "1_atom": {"free energy": -401.51834109}, "2_atom_100": {"free energy": -401.51446459}, "3_atom_101_110": {"free energy": -401.51547299}, "ferro": {"free energy": -401.52355382}, "3_atom_100_110": {"free energy": -401.51340453}, "3_atom_100_111": {"free energy": -401.51020517}}, "1.003": {"4_atom_2": {"free energy": -401.5039343}, "4_atom_1": {"free energy": -401.5100177}, "2_atom_111": {"free energy": -401.50801324}, "2_atom_110": {"free energy": -401.51207583}, "4_atom_5": {"free energy": -401.5111014}, "4_atom_4": {"free energy": -401.50705834}, "4_atom_6": {"free energy": -401.51419338}, "4_atom_3": {"free energy": -401.50831863}, "1_atom": {"free energy": -401.51476315}, "2_atom_100": {"free energy": -401.51081417}, "3_atom_101_110": {"free energy": -401.51188989}, "ferro": {"free energy": -401.51997752}, "3_atom_100_110": {"free energy": -401.50982799}, "3_atom_100_111": {"free energy": -401.50653793}}, "1.001": {"4_atom_2": {"free energy": -401.5096666}, "4_atom_1": {"free energy": -401.51573391}, "2_atom_111": {"free energy": -401.51373852}, "2_atom_110": {"free energy": -401.51780243}, "4_atom_5": {"free energy": -401.51682812}, "4_atom_4": {"free energy": -401.51281363}, "4_atom_6": {"free energy": -401.51993059}, "4_atom_3": {"free energy": -401.51390318}, "1_atom": {"free energy": -401.5204865}, "2_atom_100": {"free energy": -401.51668283}, "3_atom_101_110": {"free energy": -401.51762148}, "ferro": {"free energy": -401.52569822}, "3_atom_100_110": {"free energy": -401.5155491}, "3_atom_100_111": {"free energy": -401.51243945}}, "1.006": {"4_atom_2": {"free energy": -401.48467117}, "4_atom_1": {"free energy": -401.49080912}, "2_atom_111": {"free energy": -401.48877396}, "2_atom_110": {"free energy": -401.49283221}, "4_atom_5": {"free energy": -401.49185714}, "4_atom_4": {"free energy": -401.48777483}, "4_atom_6": {"free energy": -401.49491384}, "4_atom_3": {"free energy": -401.48928155}, "1_atom": {"free energy": -401.4955304}, "2_atom_100": {"free energy": -401.49136591}, "3_atom_101_110": {"free energy": -401.49262928}, "ferro": {"free energy": -401.50075362}, "3_atom_100_110": {"free energy": -401.49060278}, "3_atom_100_111": {"free energy": -401.48703454}}, "1.007": {"4_atom_2": {"free energy": -401.47539095}, "4_atom_1": {"free energy": -401.48155514}, "2_atom_111": {"free energy": -401.47950526}, "2_atom_110": {"free energy": -401.48356137}, "4_atom_5": {"free energy": -401.48258605}, "4_atom_4": {"free energy": -401.47849149}, "4_atom_6": {"free energy": -401.48562574}, "4_atom_3": {"free energy": -401.48007783}, "1_atom": {"free energy": -401.48626481}, "2_atom_100": {"free energy": -401.48202916}, "3_atom_101_110": {"free energy": -401.4833503}, "ferro": {"free energy": -401.4914923}, "3_atom_100_110": {"free energy": -401.48134082}, "3_atom_100_111": {"free energy": -401.47767786}}, "1.004": {"4_atom_2": {"free energy": -401.49895059}, "4_atom_1": {"free energy": -401.50504818}, "2_atom_111": {"free energy": -401.50303564}, "2_atom_110": {"free energy": -401.50709718}, "4_atom_5": {"free energy": -401.50612259}, "4_atom_4": {"free energy": -401.50206601}, "4_atom_6": {"free energy": -401.50920541}, "4_atom_3": {"free energy": -401.50340965}, "1_atom": {"free energy": -401.50978732}, "2_atom_100": {"free energy": -401.50576618}, "3_atom_101_110": {"free energy": -401.50690685}, "ferro": {"free energy": -401.51500396}, "3_atom_100_110": {"free energy": -401.50485411}, "3_atom_100_111": {"free energy": -401.50147225}}, "1.005": {"4_atom_2": {"free energy": -401.49243408}, "4_atom_1": {"free energy": -401.49854978}, "2_atom_111": {"free energy": -401.49652717}, "2_atom_110": {"free energy": -401.50058716}, "4_atom_5": {"free energy": -401.49961234}, "4_atom_4": {"free energy": -401.49554266}, "4_atom_6": {"free energy": -401.50268342}, "4_atom_3": {"free energy": -401.4969685}, "1_atom": {"free energy": -401.50328094}, "2_atom_100": {"free energy": -401.499188}, "3_atom_101_110": {"free energy": -401.5003912}, "ferro": {"free energy": -401.50850055}, "3_atom_100_110": {"free energy": -401.49835025}, "3_atom_100_111": {"free energy": -401.49487572}}}