{"0.08": {"4_atom_2": {"free energy": -401.51846073}, "4_atom_1": {"free energy": -401.52744249}, "2_atom_111": {"free energy": -401.52414004}, "2_atom_110": {"free energy": -401.52843453}, "4_atom_5": {"free energy": -401.52765564}, "4_atom_4": {"free energy": -401.52327672}, "4_atom_6": {"free energy": -401.53192707}, "4_atom_3": {"free energy": -401.52433811}, "1_atom": {"free energy": -401.53079483}, "2_atom_100": {"free energy": -401.52748889}, "3_atom_101_110": {"free energy": -401.52892785}, "ferro": {"free energy": -401.53570453}, "3_atom_100_110": {"free energy": -401.52672089}, "3_atom_100_111": {"free energy": -401.52353131}}, "0.09": {"4_atom_2": {"free energy": -401.51117108}, "4_atom_1": {"free energy": -401.52097047}, "2_atom_111": {"free energy": -401.51730708}, "2_atom_110": {"free energy": -401.52165973}, "4_atom_5": {"free energy": -401.5209321}, "4_atom_4": {"free energy": -401.51645245}, "4_atom_6": {"free energy": -401.52553285}, "4_atom_3": {"free energy": -401.51752968}, "1_atom": {"free energy": -401.52392993}, "2_atom_100": {"free energy": -401.52074423}, "3_atom_101_110": {"free energy": -401.5223418}, "ferro": {"free energy": -401.52875403}, "3_atom_100_110": {"free energy": -401.52009884}, "3_atom_100_111": {"free energy": -401.51686786}}, "0.14": {"4_atom_2": {"free energy": -401.36542242}, "4_atom_1": {"free energy": -401.381217}, "2_atom_111": {"free energy": -401.37498405}, "2_atom_110": {"free energy": -401.37968786}, "4_atom_5": {"free energy": -401.37928231}, "4_atom_4": {"free energy": -401.3741364}, "4_atom_6": {"free energy": -401.38632034}, "4_atom_3": {"free energy": -401.37531783}, "1_atom": {"free energy": -401.38131443}, "2_atom_100": {"free energy": -401.37901353}, "3_atom_101_110": {"free energy": -401.38174372}, "ferro": {"free energy": -401.38551436}, "3_atom_100_110": {"free energy": -401.37925624}, "3_atom_100_111": {"free energy": -401.37578706}}, "0.02": {"4_atom_2": {"free energy": -401.51264998}, "4_atom_1": {"free energy": -401.51888989}, "2_atom_111": {"free energy": -401.5168164}, "2_atom_110": {"free energy": -401.52089533}, "4_atom_5": {"free energy": -401.51993334}, "4_atom_4": {"free energy": -401.51591005}, "4_atom_6": {"free energy": -401.52310668}, "4_atom_3": {"free energy": -401.51691592}, "1_atom": {"free energy": -401.52355966}, "2_atom_100": {"free energy": -401.51985435}, "3_atom_101_110": {"free energy": -401.52075536}, "ferro": {"free energy": -401.52875331}, "3_atom_100_110": {"free energy": -401.51867343}, "3_atom_100_111": {"free energy": -401.51564126}}, "0.03": {"4_atom_2": {"free energy": -401.51483738}, "4_atom_1": {"free energy": -401.52129717}, "2_atom_111": {"free energy": -401.51912411}, "2_atom_110": {"free energy": -401.52322152}, "4_atom_5": {"free energy": -401.52227486}, "4_atom_4": {"free energy": -401.51822185}, "4_atom_6": {"free energy": -401.5255358}, "4_atom_3": {"free energy": -401.51923244}, "1_atom": {"free energy": -401.52586147}, "2_atom_100": {"free energy": -401.52218787}, "3_atom_101_110": {"free energy": -401.52313227}, "ferro": {"free energy": -401.5310327}, "3_atom_100_110": {"free energy": -401.52104009}, "3_atom_100_111": {"free energy": -401.5179941}}, "0.00": {"4_atom_2": {"free energy": -401.51043981}, "4_atom_1": {"free energy": -401.51650511}, "2_atom_111": {"free energy": -401.51451069}, "2_atom_110": {"free energy": -401.51857485}, "4_atom_5": {"free energy": -337.6364522}, "4_atom_4": {"free energy": -401.51360115}, "4_atom_6": {"free energy": -401.52070431}, "4_atom_3": {"free energy": -401.51460328}, "1_atom": {"free energy": -401.52125855}, "2_atom_100": {"free energy": -401.51752807}, "3_atom_101_110": {"free energy": -401.5183946}, "ferro": {"free energy": -401.52646994}, "3_atom_100_110": {"free energy": -401.51632083}, "3_atom_100_111": {"free energy": -401.5133}}, "0.01": {"4_atom_2": {"free energy": -401.5110765}, "4_atom_1": {"free energy": -401.51718532}, "2_atom_111": {"free energy": -401.51517124}, "2_atom_110": {"free energy": -401.5192391}, "4_atom_5": {"free energy": -401.5182679}, "4_atom_4": {"free energy": -401.51426245}, "4_atom_6": {"free energy": -401.521389}, "4_atom_3": {"free energy": -401.51526558}, "1_atom": {"free energy": -401.52191797}, "2_atom_100": {"free energy": -401.51819377}, "3_atom_101_110": {"free energy": -401.51906886}, "ferro": {"free energy": -401.52712495}, "3_atom_100_110": {"free energy": -401.51699311}, "3_atom_100_111": {"free energy": -401.51396933}}, "0.06": {"4_atom_2": {"free energy": -401.52161625}, "4_atom_1": {"free energy": -401.52929049}, "2_atom_111": {"free energy": -401.52657053}, "2_atom_110": {"free energy": -401.53076627}, "4_atom_5": {"free energy": -401.52990215}, "4_atom_4": {"free energy": -401.52568907}, "4_atom_6": {"free energy": -401.53364864}, "4_atom_3": {"free energy": -401.52672461}, "1_atom": {"free energy": -401.53327136}, "2_atom_100": {"free energy": -401.52977403}, "3_atom_101_110": {"free energy": -401.53095748}, "ferro": {"free energy": -401.53831741}, "3_atom_100_110": {"free energy": -401.5288093}, "3_atom_100_111": {"free energy": -401.52569099}}, "0.07": {"4_atom_2": {"free energy": -401.52151807}, "4_atom_1": {"free energy": -401.52979327}, "2_atom_111": {"free energy": -401.52680479}, "2_atom_110": {"free energy": -401.53104682}, "4_atom_5": {"free energy": -401.5302224}, "4_atom_4": {"free energy": -401.52593225}, "4_atom_6": {"free energy": -401.53420993}, "4_atom_3": {"free energy": -401.52697982}, "1_atom": {"free energy": -401.53348526}, "2_atom_100": {"free energy": -401.53007576}, "3_atom_101_110": {"free energy": -401.5313769}, "ferro": {"free energy": -401.5384688}, "3_atom_100_110": {"free energy": -401.52920152}, "3_atom_100_111": {"free energy": -401.52604963}}, "0.04": {"4_atom_2": {"free energy": -401.51760906}, "4_atom_1": {"free energy": -401.52437932}, "2_atom_111": {"free energy": -401.52206595}, "2_atom_110": {"free energy": -401.52618913}, "4_atom_5": {"free energy": -401.52526382}, "4_atom_4": {"free energy": -401.52116938}, "4_atom_6": {"free energy": -401.52864865}, "4_atom_3": {"free energy": -401.5221864}, "1_atom": {"free energy": -401.52879461}, "2_atom_100": {"free energy": -401.52516587}, "3_atom_101_110": {"free energy": -401.5261715}, "ferro": {"free energy": -401.53393404}, "3_atom_100_110": {"free energy": -401.52406489}, "3_atom_100_111": {"free energy": -401.5209998}}, "0.05": {"4_atom_2": {"free energy": -401.52017846}, "4_atom_1": {"free energy": -401.52735235}, "2_atom_111": {"free energy": -401.5248571}, "2_atom_110": {"free energy": -401.52901313}, "4_atom_5": {"free energy": -401.52811539}, "4_atom_4": {"free energy": -401.52396758}, "4_atom_6": {"free energy": -401.5316616}, "4_atom_3": {"free energy": -401.52499287}, "1_atom": {"free energy": -401.53157378}, "2_atom_100": {"free energy": -401.52800364}, "3_atom_101_110": {"free energy": -401.52908876}, "ferro": {"free energy": -401.53667165}, "3_atom_100_110": {"free energy": -401.52696349}, "3_atom_100_111": {"free energy": -401.52387425}}, "0.15": {"4_atom_2": {"free energy": -401.30225468}, "4_atom_1": {"free energy": -401.31968675}, "2_atom_111": {"free energy": -401.31277417}, "2_atom_110": {"free energy": -401.31755312}, "4_atom_5": {"free energy": -401.31721965}, "4_atom_4": {"free energy": -401.31191138}, "4_atom_6": {"free energy": -401.32492921}, "4_atom_3": {"free energy": -401.31311781}, "1_atom": {"free energy": -401.31900926}, "2_atom_100": {"free energy": -401.31694973}, "3_atom_101_110": {"free energy": -401.31998016}, "ferro": {"free energy": -401.32304156}, "3_atom_100_110": {"free energy": -401.31743147}, "3_atom_100_111": {"free energy": -401.31391517}}, "0.1": {"4_atom_2": {"free energy": -401.49879277}, "4_atom_1": {"free energy": -401.50952713}, "2_atom_111": {"free energy": -401.50545421}, "2_atom_110": {"free energy": -401.50987008}, "4_atom_5": {"free energy": -401.5091991}, "4_atom_4": {"free energy": -401.50460747},